symbol,companyName
360ONE,360ONE
3MINDIA,3MINDIA
ABB,ABB
ACC,ACC
ACMESOLAR,ACMESOLAR
AIAENG,AIAENG
APLAPOLLO,APLAPOLLO
AUBANK,AUBANK
AWL,AWL
AADHARHFC,AADHARHFC
AARTIIND,AARTIIND
AAVAS,AAVAS
ABBOTINDIA,ABBOTINDIA
ACE,ACE
ACUTAAS,ACUTAAS
ADANIENSOL,ADANIENSOL
ADANIENT,ADANIENT
ADANIGREEN,ADANIGREEN
ADANIPORTS,ADANIPORTS
ADANIPOWER,ADANIPOWER
ATGL,ATGL
ABCAPITAL,ABCAPITAL
ABFRL,ABFRL
ABLBL,ABLBL
ABREL,ABREL
ABSLAMC,ABSLAMC
CPPLUS,CPPLUS
AEGISLOG,AEGISLOG
AEGISVOPAK,AEGISVOPAK
AFCONS,AFCONS
AFFLE,AFFLE
AJANTPHARM,AJANTPHARM
ALKEM,ALKEM
ABDL,ABDL
ARE&M,ARE&M
AMBER,AMBER
AMBUJACEM,AMBUJACEM
ANANDRATHI,ANANDRATHI
ANANTRAJ,ANANTRAJ
ANGELONE,ANGELONE
ANTHEM,ANTHEM
ANURAS,ANURAS
APARINDS,APARINDS
APOLLOHOSP,APOLLOHOSP
APOLLOTYRE,APOLLOTYRE
APTUS,APTUS
ASAHIINDIA,ASAHIINDIA
ASHOKLEY,ASHOKLEY
ASIANPAINT,ASIANPAINT
ASTERDM,ASTERDM
ASTRAL,ASTRAL
ATHERENERG,ATHERENERG
ATUL,ATUL
AUROPHARMA,AUROPHARMA
AIIL,AIIL
DMART,DMART
AXISBANK,AXISBANK
BEML,BEML
BLS,BLS
BSE,BSE
BAJAJ-AUTO,BAJAJ-AUTO
BAJFINANCE,BAJFINANCE
BAJAJFINSV,BAJAJFINSV
BAJAJHLDNG,BAJAJHLDNG
BAJAJHFL,BAJAJHFL
BALKRISIND,BALKRISIND
BALRAMCHIN,BALRAMCHIN
BANDHANBNK,BANDHANBNK
BANKBARODA,BANKBARODA
BANKINDIA,BANKINDIA
MAHABANK,MAHABANK
BATAINDIA,BATAINDIA
BAYERCROP,BAYERCROP
BELRISE,BELRISE
BERGEPAINT,BERGEPAINT
BDL,BDL
BEL,BEL
BHARATFORG,BHARATFORG
BHEL,BHEL
BPCL,BPCL
BHARTIARTL,BHARTIARTL
BHARTIHEXA,BHARTIHEXA
BIKAJI,BIKAJI
GROWW,GROWW
BIOCON,BIOCON
BSOFT,BSOFT
BLUEDART,BLUEDART
BLUEJET,BLUEJET
BLUESTARCO,BLUESTARCO
BBTC,BBTC
BOSCHLTD,BOSCHLTD
FIRSTCRY,FIRSTCRY
BRIGADE,BRIGADE
BRITANNIA,BRITANNIA
MAPMYINDIA,MAPMYINDIA
CCL,CCL
CESC,CESC
CGPOWER,CGPOWER
CIEINDIA,CIEINDIA
CRISIL,CRISIL
CANFINHOME,CANFINHOME
CANBK,CANBK
CANHLIFE,CANHLIFE
CAPLIPOINT,CAPLIPOINT
CGCL,CGCL
CARBORUNIV,CARBORUNIV
CARTRADE,CARTRADE
CASTROLIND,CASTROLIND
CEATLTD,CEATLTD
CEMPRO,CEMPRO
CENTRALBK,CENTRALBK
CDSL,CDSL
CHALET,CHALET
CHAMBLFERT,CHAMBLFERT
CHENNPETRO,CHENNPETRO
CHOICEIN,CHOICEIN
CHOLAHLDNG,CHOLAHLDNG
CHOLAFIN,CHOLAFIN
CIPLA,CIPLA
CUB,CUB
CLEAN,CLEAN
COALINDIA,COALINDIA
COCHINSHIP,COCHINSHIP
COFORGE,COFORGE
COHANCE,COHANCE
COLPAL,COLPAL
CAMS,CAMS
CONCORDBIO,CONCORDBIO
CONCOR,CONCOR
COROMANDEL,COROMANDEL
CRAFTSMAN,CRAFTSMAN
CREDITACC,CREDITACC
CROMPTON,CROMPTON
CUMMINSIND,CUMMINSIND
CYIENT,CYIENT
DCMSHRIRAM,DCMSHRIRAM
DLF,DLF
DOMS,DOMS
DABUR,DABUR
DALBHARAT,DALBHARAT
DATAPATTNS,DATAPATTNS
DEEPAKFERT,DEEPAKFERT
DEEPAKNTR,DEEPAKNTR
DELHIVERY,DELHIVERY
DEVYANI,DEVYANI
DIVISLAB,DIVISLAB
DIXON,DIXON
LALPATHLAB,LALPATHLAB
DRREDDY,DRREDDY
EIDPARRY,EIDPARRY
EIHOTEL,EIHOTEL
EICHERMOT,EICHERMOT
ELECON,ELECON
ELGIEQUIP,ELGIEQUIP
EMAMILTD,EMAMILTD
EMCURE,EMCURE
EMMVEE,EMMVEE
ENDURANCE,ENDURANCE
ENGINERSIN,ENGINERSIN
ERIS,ERIS
ESCORTS,ESCORTS
ETERNAL,ETERNAL
EXIDEIND,EXIDEIND
NYKAA,NYKAA
FEDERALBNK,FEDERALBNK
FACT,FACT
FINCABLES,FINCABLES
FSL,FSL
FIVESTAR,FIVESTAR
FORCEMOT,FORCEMOT
FORTIS,FORTIS
GAIL,GAIL
GVT&D,GVT&D
GMRAIRPORT,GMRAIRPORT
GABRIEL,GABRIEL
GALLANTT,GALLANTT
GRSE,GRSE
GICRE,GICRE
GILLETTE,GILLETTE
GLAND,GLAND
GLAXO,GLAXO
GLENMARK,GLENMARK
MEDANTA,MEDANTA
GODIGIT,GODIGIT
GPIL,GPIL
GODFRYPHLP,GODFRYPHLP
GODREJCP,GODREJCP
GODREJIND,GODREJIND
GODREJPROP,GODREJPROP
GRANULES,GRANULES
GRAPHITE,GRAPHITE
GRASIM,GRASIM
GRAVITA,GRAVITA
GESHIP,GESHIP
FLUOROCHEM,FLUOROCHEM
GMDCLTD,GMDCLTD
HBLENGINE,HBLENGINE
HCLTECH,HCLTECH
HDBFS,HDBFS
HDFCAMC,HDFCAMC
HDFCBANK,HDFCBANK
HDFCLIFE,HDFCLIFE
HEGAM,HEGAM
HAVELLS,HAVELLS
HEROMOTOCO,HEROMOTOCO
HEXT,HEXT
HSCL,HSCL
HINDALCO,HINDALCO
HAL,HAL
HINDCOPPER,HINDCOPPER
HINDPETRO,HINDPETRO
HINDUNILVR,HINDUNILVR
HINDZINC,HINDZINC
POWERINDIA,POWERINDIA
HOMEFIRST,HOMEFIRST
HONASA,HONASA
HONAUT,HONAUT
HUDCO,HUDCO
HYUNDAI,HYUNDAI
ICICIBANK,ICICIBANK
ICICIGI,ICICIGI
ICICIAMC,ICICIAMC
ICICIPRULI,ICICIPRULI
IDBI,IDBI
IDFCFIRSTB,IDFCFIRSTB
IFCI,IFCI
IIFL,IIFL
IRB,IRB
IRCON,IRCON
ITCHOTELS,ITCHOTELS
ITC,ITC
ITI,ITI
INDGN,INDGN
INDIACEM,INDIACEM
INDIAMART,INDIAMART
INDIANB,INDIANB
IEX,IEX
INDHOTEL,INDHOTEL
IOC,IOC
IOB,IOB
IRCTC,IRCTC
IRFC,IRFC
IREDA,IREDA
IGL,IGL
INDUSTOWER,INDUSTOWER
INDUSINDBK,INDUSINDBK
NAUKRI,NAUKRI
INFY,INFY
INOXWIND,INOXWIND
INTELLECT,INTELLECT
INDIGO,INDIGO
IGIL,IGIL
IKS,IKS
IPCALAB,IPCALAB
JKCEMENT,JKCEMENT
JBMA,JBMA
JKTYRE,JKTYRE
JMFINANCIL,JMFINANCIL
JSWCEMENT,JSWCEMENT
JSWDULUX,JSWDULUX
JSWENERGY,JSWENERGY
JSWINFRA,JSWINFRA
JSWSTEEL,JSWSTEEL
JAINREC,JAINREC
JPPOWER,JPPOWER
J&KBANK,J&KBANK
JINDALSAW,JINDALSAW
JSL,JSL
JINDALSTEL,JINDALSTEL
JIOFIN,JIOFIN
JUBLFOOD,JUBLFOOD
JUBLINGREA,JUBLINGREA
JUBLPHARMA,JUBLPHARMA
JWL,JWL
JYOTICNC,JYOTICNC
KPRMILL,KPRMILL
KEI,KEI
KPITTECH,KPITTECH
KAJARIACER,KAJARIACER
KPIL,KPIL
KALYANKJIL,KALYANKJIL
KARURVYSYA,KARURVYSYA
KAYNES,KAYNES
KEC,KEC
KFINTECH,KFINTECH
KIRLOSENG,KIRLOSENG
KOTAKBANK,KOTAKBANK
KIMS,KIMS
LTF,LTF
LTTS,LTTS
LGEINDIA,LGEINDIA
LICHSGFIN,LICHSGFIN
LTFOODS,LTFOODS
LTM,LTM
LT,LT
LATENTVIEW,LATENTVIEW
LAURUSLABS,LAURUSLABS
THELEELA,THELEELA
LEMONTREE,LEMONTREE
LENSKART,LENSKART
LICI,LICI
LINDEINDIA,LINDEINDIA
LLOYDSME,LLOYDSME
LODHA,LODHA
LUPIN,LUPIN
MMTC,MMTC
MRF,MRF
MGL,MGL
M&MFIN,M&MFIN
M&M,M&M
MANAPPURAM,MANAPPURAM
MRPL,MRPL
MANKIND,MANKIND
MARICO,MARICO
MARUTI,MARUTI
MFSL,MFSL
MAXHEALTH,MAXHEALTH
MAZDOCK,MAZDOCK
MEESHO,MEESHO
MINDACORP,MINDACORP
MSUMI,MSUMI
MOTILALOFS,MOTILALOFS
MPHASIS,MPHASIS
MCX,MCX
MUTHOOTFIN,MUTHOOTFIN
NATCOPHARM,NATCOPHARM
NBCC,NBCC
NCC,NCC
NHPC,NHPC
NLCINDIA,NLCINDIA
NMDC,NMDC
NSLNISP,NSLNISP
NTPCGREEN,NTPCGREEN
NTPC,NTPC
NH,NH
NATIONALUM,NATIONALUM
NAVA,NAVA
NAVINFLUOR,NAVINFLUOR
NESTLEIND,NESTLEIND
NETWEB,NETWEB
NEULANDLAB,NEULANDLAB
NEWGEN,NEWGEN
NAM-INDIA,NAM-INDIA
NIVABUPA,NIVABUPA
NUVAMA,NUVAMA
NUVOCO,NUVOCO
OBEROIRLTY,OBEROIRLTY
ONGC,ONGC
OIL,OIL
OLAELEC,OLAELEC
OLECTRA,OLECTRA
PAYTM,PAYTM
ONESOURCE,ONESOURCE
OFSS,OFSS
POLICYBZR,POLICYBZR
PCBL,PCBL
PGEL,PGEL
PIIND,PIIND
PNBHOUSING,PNBHOUSING
PTCIL,PTCIL
PVRINOX,PVRINOX
PAGEIND,PAGEIND
PARADEEP,PARADEEP
PATANJALI,PATANJALI
PERSISTENT,PERSISTENT
PETRONET,PETRONET
PFIZER,PFIZER
PHOENIXLTD,PHOENIXLTD
PWL,PWL
PIDILITIND,PIDILITIND
PINELABS,PINELABS
PIRAMALFIN,PIRAMALFIN
PPLPHARMA,PPLPHARMA
POLYMED,POLYMED
POLYCAB,POLYCAB
POONAWALLA,POONAWALLA
PFC,PFC
POWERGRID,POWERGRID
PREMIERENE,PREMIERENE
PRESTIGE,PRESTIGE
PFOCUS,PFOCUS
PNB,PNB
RRKABEL,RRKABEL
RBLBANK,RBLBANK
RECLTD,RECLTD
RHIM,RHIM
RITES,RITES
RADICO,RADICO
RVNL,RVNL
RAILTEL,RAILTEL
RAINBOW,RAINBOW
RKFORGE,RKFORGE
REDINGTON,REDINGTON
RELIANCE,RELIANCE
RPOWER,RPOWER
SBFC,SBFC
SBICARD,SBICARD
SBILIFE,SBILIFE
SJVN,SJVN
SRF,SRF
SAGILITY,SAGILITY
SAILIFE,SAILIFE
SAMMAANCAP,SAMMAANCAP
MOTHERSON,MOTHERSON
SAPPHIRE,SAPPHIRE
SARDAEN,SARDAEN
SAREGAMA,SAREGAMA
SCHAEFFLER,SCHAEFFLER
SCHNEIDER,SCHNEIDER
SCI,SCI
SHREECEM,SHREECEM
SHRIRAMFIN,SHRIRAMFIN
SHYAMMETL,SHYAMMETL
ENRIN,ENRIN
SIEMENS,SIEMENS
SIGNATURE,SIGNATURE
SOBHA,SOBHA
SOLARINDS,SOLARINDS
SONACOMS,SONACOMS
SONATSOFTW,SONATSOFTW
STARHEALTH,STARHEALTH
SBIN,SBIN
SAIL,SAIL
SUMICHEM,SUMICHEM
SUNPHARMA,SUNPHARMA
SUNTV,SUNTV
SUNDARMFIN,SUNDARMFIN
SUPREMEIND,SUPREMEIND
SPLPETRO,SPLPETRO
SUZLON,SUZLON
SWANCORP,SWANCORP
SWIGGY,SWIGGY
SYNGENE,SYNGENE
SYRMA,SYRMA
TBOTEK,TBOTEK
TVSMOTOR,TVSMOTOR
TATACAP,TATACAP
TATACHEM,TATACHEM
TATACOMM,TATACOMM
TCS,TCS
TATACONSUM,TATACONSUM
TATAELXSI,TATAELXSI
TATAINVEST,TATAINVEST
TMCV,TMCV
TMPV,TMPV
TATAPOWER,TATAPOWER
TATASTEEL,TATASTEEL
TATATECH,TATATECH
TTML,TTML
TECHM,TECHM
TECHNOE,TECHNOE
TEGA,TEGA
TEJASNET,TEJASNET
TENNIND,TENNIND
NIACL,NIACL
RAMCOCEM,RAMCOCEM
THERMAX,THERMAX
TIMKEN,TIMKEN
TITAGARH,TITAGARH
TITAN,TITAN
TORNTPHARM,TORNTPHARM
TORNTPOWER,TORNTPOWER
TARIL,TARIL
TRAVELFOOD,TRAVELFOOD
TRENT,TRENT
TRIDENT,TRIDENT
TRITURBINE,TRITURBINE
TIINDIA,TIINDIA
UCOBANK,UCOBANK
UNOMINDA,UNOMINDA
UPL,UPL
UTIAMC,UTIAMC
ULTRACEMCO,ULTRACEMCO
UNIONBANK,UNIONBANK
UBL,UBL
UNITDSPR,UNITDSPR
URBANCO,URBANCO
USHAMART,USHAMART
VTL,VTL
VBL,VBL
VEDL,VEDL
VIJAYA,VIJAYA
VMM,VMM
IDEA,IDEA
VOLTAS,VOLTAS
WAAREEENER,WAAREEENER
WELCORP,WELCORP
WELSPUNLIV,WELSPUNLIV
WHIRLPOOL,WHIRLPOOL
WIPRO,WIPRO
WOCKPHARMA,WOCKPHARMA
YESBANK,YESBANK
ZFCVINDIA,ZFCVINDIA
ZEEL,ZEEL
ZENTEC,ZENTEC
ZENSARTECH,ZENSARTECH
ZYDUSLIFE,ZYDUSLIFE
ZYDUSWELL,ZYDUSWELL
ECLERX,ECLERX
